YEAR,REGION,SPECIES_CD,abundance,var,n,nm,N,NM,protected_status
2018,FLA KEYS,PTE VOLI,163440.63805858063,1368607938.4866138,321,627,64574,3654140.9049657066,0
2018,FLA KEYS,PTE VOLI,14068.156073674145,21027623.694531955,113,216,2988,169086.21154082962,1
2018,FLA KEYS,PTE VOLI,177508.79413225478,1389635562.181146,434,843,67562,3823227.1165065365,all
