YEAR,shannon
2013,73.0415235621587
2014,69.1488892889611
2015,74.1709645186923
2016,67.2722909332334
2018,67.1087990892496
