YEAR,simpson
2013,44.1736099720192
2014,41.0371437651792
2015,47.2690128822663
2016,41.5689471746353
2018,41.2905652399805
